-- =====================================================
-- V2: 공식 더미 데이터 삽입
-- 출처: Skill_Master_Table + 1_지원자_dummy_data_14명
-- 기업1(테크스타트): BE 합격 3명(이서윤,한예진,문지후), FE 합격 2명(강소희,박지예)
-- 기업2(이노베이션):  BE 합격 2명(김철수,류태현), FE 합격 3명(안서연,황도윤,권유진)
-- 기준일: 2026-07-01
-- =====================================================

-- =========================
-- Major (전공)
-- =========================
INSERT INTO Major (id, name, is_cs_related) VALUES
(1, '컴퓨터공학',    1),
(2, '소프트웨어공학', 1),
(3, '인공지능',      1),
(4, '토목공학',      0),
(5, '의상디자인',    0);

-- =========================
-- Skill (공식 마스터 21개)
-- category: 1=백엔드, 2=프런트, 3=클라우드/인프라, 4=DB, 5=AI
-- =========================
INSERT INTO Skill (id, name, category) VALUES
(1,  'ASP',              1),
(2,  'AWS',              3),
(3,  'CSS',              2),
(4,  'DBA',              4),
(5,  'Deep Learning',    5),
(6,  'HTML',             2),
(7,  'Java',             1),
(8,  'JavaScript',       2),
(9,  'JPA',              1),
(10, 'Kotlin',           1),
(11, 'Next.js',          2),
(12, 'PHP',              1),
(13, 'Python',           1),
(14, 'PyTorch',          5),
(15, 'React',            2),
(16, 'Spring Boot',      1),
(17, 'Struts',           1),
(18, 'System Architect', 3),
(19, 'TensorFlow',       5),
(20, 'TypeScript',       2),
(21, 'Webpack',          2);

-- =========================
-- Company
-- =========================
INSERT INTO Company (id, name, business_no) VALUES
(1, '테크스타트',  '101-81-00001'),
(2, '이노베이션', '201-81-00002');

-- =========================
-- Applicant (14명)
-- 기업1 지원자: 1~7 / 기업2 지원자: 8~14
-- =========================
INSERT INTO Applicant (id, name, email, phone) VALUES
(1,  '김똘똘', 'toktok.kim@email.com',    '010-1001-0001'),
(2,  '이서윤', 'seoyun.lee@email.com',    '010-1001-0002'),
(3,  '한예진', 'yejin.han@email.com',     '010-1001-0003'),
(4,  '최준호', 'junho.choi@email.com',    '010-1001-0004'),
(5,  '박지예', 'jiye.park@email.com',     '010-1001-0005'),
(6,  '강소희', 'sohee.kang@email.com',    '010-1001-0006'),
(7,  '문지후', 'jihoo.moon@email.com',    '010-1001-0007'),
(8,  '김철수', 'cheolsu.kim@email.com',   '010-2001-0001'),
(9,  '류태현', 'taehyun.ryu@email.com',   '010-2001-0002'),
(10, '전상혁', 'sanghyuk.jeon@email.com', '010-2001-0003'),
(11, '안서연', 'seoyeon.ahn@email.com',   '010-2001-0004'),
(12, '권휘',   'hwi.kwon@email.com',      '010-2001-0005'),
(13, '황도윤', 'doyun.hwang@email.com',   '010-2001-0006'),
(14, '권유진', 'yujin.kwon@email.com',    '010-2001-0007');

-- =========================
-- JobPosting
-- job_category: 1=BACKEND, 2=FRONTEND / status: 1=공고중
-- =========================
INSERT INTO JobPosting (id, company_id, title, job_category, min_exp_years, status) VALUES
(1, 1, '백엔드 개발자 (시니어)', 1, 5, 1),
(2, 1, '프런트엔드 개발자',      2, 3, 1),
(3, 2, '백엔드 개발자 (시니어)', 1, 5, 1),
(4, 2, '프런트엔드 개발자',      2, 3, 1);

-- =========================
-- JobPostingSkill
-- BE 필수: Java(7), Spring Boot(16), AWS(2)
-- FE 필수: React(15), Next.js(11), TypeScript(20)
-- =========================
INSERT INTO JobPostingSkill (job_posting_id, skill_id, is_required) VALUES
(1,  7, 1), (1, 16, 1), (1,  2, 1),   -- 기업1 BE
(2, 15, 1), (2, 11, 1), (2, 20, 1),   -- 기업1 FE
(3,  7, 1), (3, 16, 1), (3,  2, 1),   -- 기업2 BE
(4, 15, 1), (4, 11, 1), (4, 20, 1);   -- 기업2 FE

-- =========================
-- Education
-- degree_type: 3=학사, 4=석사, 5=박사 / graduation_status: 2=졸업
-- 학사 전공 CS 여부가 필터 조건 (degree_type=3 AND is_cs_related=1)
-- =========================
INSERT INTO Education (applicant_id, major_id, school_name, degree_type, graduation_status, start_date, end_date) VALUES
-- 1. 김똘똘: 학사+석사 컴공 → CS ✅
(1, 1, '연세대학교',        3, 2, '2012-03-01', '2016-02-28'),
(1, 1, '연세대학교',        4, 2, '2016-03-01', '2018-02-28'),
-- 2. 이서윤: 학사+석사 소프트웨어공학 → CS ✅
(2, 2, '서울대학교',        3, 2, '2009-03-01', '2013-02-28'),
(2, 2, '서울대학교',        4, 2, '2013-03-01', '2015-02-28'),
-- 3. 한예진: 학사 컴공 → CS ✅
(3, 1, '고려대학교',        3, 2, '2010-03-01', '2014-02-28'),
-- 4. 최준호: 학사 토목공학 → CS ❌ (불합격 원인)
(4, 4, '방송통신대학교',    3, 2, '1998-03-01', '2002-02-28'),
(4, 2, '한국외국어대학교',  4, 2, '2008-03-01', '2010-02-28'),
-- 5. 박지예: 학사+석사 소프트웨어공학 → CS ✅
(5, 2, '경북대학교',        3, 2, '2016-03-01', '2020-02-28'),
(5, 2, '경북대학교',        4, 2, '2020-03-01', '2022-02-28'),
-- 6. 강소희: 학사 컴공 → CS ✅
(6, 1, '이화여자대학교',    3, 2, '2013-03-01', '2017-02-28'),
-- 7. 문지후: 학사+석사+박사 컴공 → CS ✅
(7, 1, '상명대학교',        3, 2, '2007-03-01', '2011-02-28'),
(7, 1, '상명대학교',        4, 2, '2011-03-01', '2013-02-28'),
(7, 1, '상명대학교',        5, 2, '2013-03-01', '2017-02-28'),
-- 8. 김철수: 학사 컴공 + 석사 인공지능 → CS ✅
(8, 1, '연세대학교',        3, 2, '2014-03-01', '2018-02-28'),
(8, 3, '연세대학교',        4, 2, '2018-03-01', '2020-02-28'),
-- 9. 류태현: 학사+석사 컴공 → CS ✅
(9, 1, '서울대학교',        3, 2, '2008-03-01', '2012-02-28'),
(9, 1, '서울대학교',        4, 2, '2012-03-01', '2014-02-28'),
-- 10. 전상혁: 학사+석사+박사 컴공 → CS ✅ (Java/SpringBoot 없어서 불합격)
(10, 1, '고려대학교',       3, 2, '2006-03-01', '2010-02-28'),
(10, 1, '고려대학교',       4, 2, '2010-03-01', '2012-02-28'),
(10, 1, '고려대학교',       5, 2, '2012-03-01', '2015-02-28'),
-- 11. 안서연: 학사 컴공 + 석사 소프트웨어공학 → CS ✅
(11, 1, '중앙대학교',       3, 2, '2013-03-01', '2017-02-28'),
(11, 2, '중앙대학교',       4, 2, '2017-03-01', '2019-02-28'),
-- 12. 권휘: 학사 의상디자인 → CS ❌ (불합격 원인)
(12, 5, '한양대학교',       3, 2, '2013-03-01', '2017-02-28'),
(12, 3, '한양대학교',       4, 2, '2019-03-01', '2021-02-28'),
-- 13. 황도윤: 학사 컴공 → CS ✅
(13, 1, '한양대학교',       3, 2, '2016-03-01', '2020-02-28'),
-- 14. 권유진: 학사 소프트웨어공학 → CS ✅
(14, 2, '가천대학교',       3, 2, '2016-03-01', '2020-02-28');

-- =========================
-- Career
-- job_category: 1=BACKEND, 2=FRONTEND
-- 기준일 2026-07-01 기준 경력 계산
-- =========================
INSERT INTO Career (id, applicant_id, company_name, job_category, start_date, end_date, is_current) VALUES
-- 1. 김똘똘 — BE 36개월(3년) < 60개월(5년) → 불합격
(1,  1, '네이버',         1, '2023-07-01', NULL,         1),  -- BE 36개월
(2,  1, '카카오',         2, '2021-07-01', '2023-06-30', 0),  -- FE 23개월

-- 2. 이서윤 — BE 60+59=119개월(≥60) → 합격
(3,  2, '네이버',         1, '2021-07-01', NULL,         1),  -- BE 60개월
(4,  2, '다음',           1, '2016-07-01', '2021-06-30', 0),  -- BE 59개월

-- 3. 한예진 — BE 36+83=119개월(≥60) → 합격
(5,  3, '카카오',         1, '2023-07-01', NULL,         1),  -- BE 36개월
(6,  3, '한화',           1, '2016-07-01', '2023-06-30', 0),  -- BE 83개월

-- 4. 최준호 — 학사 비CS → 불합격 (BE 경력은 충분)
(7,  4, 'LG CNS',         1, '2016-07-01', NULL,         1),  -- BE 120개월
(8,  4, '다음',           1, '2006-07-01', '2016-06-30', 0),  -- BE 119개월

-- 5. 박지예 — FE 24+12=36개월(=36) → 합격
(9,  5, '네이버',         2, '2024-07-01', NULL,         1),  -- FE 24개월
(10, 5, '당근',           2, '2023-06-01', '2024-06-30', 0),  -- FE 12개월

-- 6. 강소희 — FE 60개월(≥36) → 합격
(11, 6, 'TOSS',           2, '2021-07-01', NULL,         1),  -- FE 60개월

-- 7. 문지후 — BE 60개월(≥60) → 합격 (FE 47개월은 BE 필터 제외)
(12, 7, '마이크로소프트',  1, '2021-07-01', NULL,         1),  -- BE 60개월
(13, 7, '삼성전자',       2, '2017-07-01', '2021-06-30', 0),  -- FE 47개월

-- 8. 김철수 (기업2) — BE 60개월(≥60) → 합격
(14, 8, 'Facebook',       1, '2021-07-01', NULL,         1),  -- BE 60개월

-- 9. 류태현 (기업2) — BE 72+47=119개월(≥60) → 합격
(15, 9, '현대',           1, '2020-07-01', NULL,         1),  -- BE 72개월
(16, 9, '삼성전자',       1, '2016-07-01', '2020-06-30', 0),  -- BE 47개월

-- 10. 전상혁 (기업2) — Java/SpringBoot 없어서 불합격 (BE 경력은 충분)
(17, 10, '현대',          1, '2019-07-01', NULL,         1),  -- BE 84개월
(18, 10, 'Google',        1, '2016-07-01', '2019-06-30', 0),  -- BE 35개월

-- 11. 안서연 (기업2) — FE 36개월(=36) → 합격
(19, 11, 'Facebook',      2, '2023-07-01', NULL,         1),  -- FE 36개월

-- 12. 권휘 (기업2) — 학사 비CS → 불합격
(20, 12, '현대',          2, '2024-07-01', NULL,         1),  -- FE 24개월

-- 13. 황도윤 (기업2) — FE 36개월(=36) → 합격
(21, 13, '신세계',        2, '2023-07-01', NULL,         1),  -- FE 36개월

-- 14. 권유진 (기업2) — FE 24+12=36개월(=36) → 합격
(22, 14, '현대자동차',    2, '2024-07-01', NULL,         1),  -- FE 24개월
(23, 14, '삼성전자',      2, '2023-06-01', '2024-06-30', 0);  -- FE 12개월

-- =========================
-- CareerSkill
-- UNIQUE KEY uq_careerskill (career_id, skill_id)
-- =========================
INSERT INTO CareerSkill (career_id, skill_id) VALUES
-- 1. 김똘똘 현(네이버 BE)
(1, 2), (1, 7), (1, 16), (1, 4), (1, 13),
-- 1. 김똘똘 전(카카오 FE)
(2, 6), (2, 20),

-- 2. 이서윤 현(네이버 BE)
(3, 2), (3, 7), (3, 16), (3, 12), (3, 9), (3, 18),
-- 2. 이서윤 전(다음 BE)
(4, 2), (4, 7), (4, 16),

-- 3. 한예진 현(카카오 BE)
(5, 2), (5, 7), (5, 16), (5, 1),
-- 3. 한예진 전(한화 BE)
(6, 2),

-- 4. 최준호 현(LG CNS BE)
(7, 2), (7, 7), (7, 16), (7, 1),
-- 4. 최준호 전(다음 BE)
(8, 1), (8, 10), (8, 17),

-- 5. 박지예 현(네이버 FE)
(9, 15), (9, 11), (9, 20), (9, 6), (9, 3),
-- 5. 박지예 전(당근 FE)
(10, 15), (10, 11), (10, 20), (10, 6), (10, 3),

-- 6. 강소희 현(TOSS FE)
(11, 15), (11, 11), (11, 20), (11, 21),

-- 7. 문지후 현(마이크로소프트 BE)
(12, 2), (12, 7), (12, 16), (12, 9), (12, 5),
-- 7. 문지후 전(삼성전자 FE)
(13, 15), (13, 11), (13, 20), (13, 6), (13, 3),

-- 8. 김철수 현(Facebook BE)
(14, 2), (14, 7), (14, 16), (14, 9), (14, 5),

-- 9. 류태현 현(현대 BE)
(15, 7), (15, 16), (15, 2),
-- 9. 류태현 전(삼성전자 BE)
(16, 2), (16, 7), (16, 16),

-- 10. 전상혁 현(현대 BE) ← Java/Spring Boot 없음 → 불합격
(17, 2), (17, 13), (17, 5),
-- 10. 전상혁 전(Google BE)
(18, 2), (18, 5),

-- 11. 안서연 현(Facebook FE)
(19, 15), (19, 11), (19, 20), (19, 21),

-- 12. 권휘 현(현대 FE)
(20, 15), (20, 11), (20, 20), (20, 21),

-- 13. 황도윤 현(신세계 FE)
(21, 15), (21, 11), (21, 20), (21, 21),

-- 14. 권유진 현(현대자동차 FE)
(22, 15), (22, 11), (22, 20),
-- 14. 권유진 전(삼성전자 FE)
(23, 6), (23, 20);

-- =========================
-- Stage
-- stage_type: 1=서류접수,2=서류합격,3=서류불합격,4=면접예정,5=면접완료,6=최종합격,7=최종불합격,8=취소
-- UNIQUE KEY uq_stage_order (company_id, step_order)
-- =========================
INSERT INTO Stage (id, company_id, name, stage_type, step_order, is_terminal) VALUES
(1,  1, '서류접수',   1, 1, 0),
(2,  1, '서류합격',   2, 2, 0),
(3,  1, '서류불합격', 3, 3, 1),
(4,  1, '면접예정',   4, 4, 0),
(5,  1, '면접완료',   5, 5, 0),
(6,  1, '최종합격',   6, 6, 1),
(7,  1, '최종불합격', 7, 7, 1),
(8,  1, '취소',       8, 8, 1),
(9,  2, '서류접수',   1, 1, 0),
(10, 2, '서류합격',   2, 2, 0),
(11, 2, '서류불합격', 3, 3, 1),
(12, 2, '면접예정',   4, 4, 0),
(13, 2, '면접완료',   5, 5, 0),
(14, 2, '최종합격',   6, 6, 1),
(15, 2, '최종불합격', 7, 7, 1),
(16, 2, '취소',       8, 8, 1);

-- =========================
-- Application
-- 기업1 BE(job1): 김똘똘→불합격(3), 이서윤→합격(6), 한예진→합격(6), 최준호→불합격(3), 문지후→합격(6)
-- 기업1 FE(job2): 박지예→합격(6), 강소희→합격(6)
-- 기업2 BE(job3): 김철수→합격(14), 류태현→합격(14), 전상혁→불합격(11)
-- 기업2 FE(job4): 안서연→합격(14), 권휘→불합격(11), 황도윤→합격(14), 권유진→합격(14)
-- =========================
INSERT INTO Application (id, company_id, applicant_id, job_posting_id, current_stage_id) VALUES
(1,  1, 1,  1, 3),   -- 김똘똘  → 서류불합격 (BE 3년, 5년 미달)
(2,  1, 2,  1, 6),   -- 이서윤  → 최종합격
(3,  1, 3,  1, 6),   -- 한예진  → 최종합격
(4,  1, 4,  1, 3),   -- 최준호  → 서류불합격 (학사 토목공학, CS 비관련)
(5,  1, 5,  2, 6),   -- 박지예  → 최종합격
(6,  1, 6,  2, 6),   -- 강소희  → 최종합격
(7,  1, 7,  1, 6),   -- 문지후  → 최종합격
(8,  2, 8,  3, 14),  -- 김철수  → 최종합격
(9,  2, 9,  3, 14),  -- 류태현  → 최종합격
(10, 2, 10, 3, 11),  -- 전상혁  → 서류불합격 (Java/Spring Boot 경험 없음)
(11, 2, 11, 4, 14),  -- 안서연  → 최종합격
(12, 2, 12, 4, 11),  -- 권휘    → 서류불합격 (학사 의상디자인, CS 비관련)
(13, 2, 13, 4, 14),  -- 황도윤  → 최종합격
(14, 2, 14, 4, 14);  -- 권유진  → 최종합격
